attack,capture_rate,classfication,defense,experience_growth,height,hp,percentage_male,id,sp_attack,sp_defense,speed,type1,type2,weight,name
49,45,Seed Pokémon,49,1059860,0.7,45,88.1,1,65,65,45,grass,poison,6.9,Bulbasaur
62,45,Seed Pokémon,63,1059860,1,60,88.1,2,80,80,60,grass,poison,13,Ivysaur
100,45,Seed Pokémon,123,1059860,2,80,88.1,3,122,120,80,grass,poison,100,Venusaur
52,45,Lizard Pokémon,43,1059860,0.6,39,88.1,4,60,50,65,fire,,8.5,Charmander
64,45,Flame Pokémon,58,1059860,1.1,58,88.1,5,80,65,80,fire,,19,Charmeleon
104,45,Flame Pokémon,78,1059860,1.7,78,88.1,6,159,115,100,fire,flying,90.5,Charizard
48,45,Tiny Turtle Pokémon,65,1059860,0.5,44,88.1,7,50,64,43,water,,9,Squirtle
63,45,Turtle Pokémon,80,1059860,1,59,88.1,8,65,80,58,water,,22.5,Wartortle
103,45,Shellfish Pokémon,120,1059860,1.6,79,88.1,9,135,115,78,water,,85.5,Blastoise
30,255,Worm Pokémon,35,1000000,0.3,45,50,10,20,20,45,bug,,2.9,Caterpie
20,120,Cocoon Pokémon,55,1000000,0.7,50,50,11,25,25,30,bug,,9.9,Metapod
45,45,Butterfly Pokémon,50,1000000,1.1,60,50,12,90,80,70,bug,flying,32,Butterfree
35,255,Hairy Pokémon,30,1000000,0.3,40,50,13,20,20,50,bug,poison,3.2,Weedle
25,120,Cocoon Pokémon,50,1000000,0.6,45,50,14,25,25,35,bug,poison,10,Kakuna
150,45,Poison Bee Pokémon,40,1000000,1,65,50,15,15,80,145,bug,poison,29.5,Beedrill
45,255,Tiny Bird Pokémon,40,1059860,0.3,40,50,16,35,35,56,normal,flying,1.8,Pidgey
60,120,Bird Pokémon,55,1059860,1.1,63,50,17,50,50,71,normal,flying,30,Pidgeotto
80,45,Bird Pokémon,80,1059860,1.5,83,50,18,135,80,121,normal,flying,39.5,Pidgeot
56,255,Mouse Pokémon,35,1000000,,30,50,19,25,35,72,normal,dark,,Rattata
71,127,Mouse Pokémon,70,1000000,,75,50,20,40,80,77,normal,dark,,Raticate
60,255,Tiny Bird Pokémon,30,1000000,0.3,40,50,21,31,31,70,normal,flying,2,Spearow
90,90,Beak Pokémon,65,1000000,1.2,65,50,22,61,61,100,normal,flying,38,Fearow
60,255,Snake Pokémon,44,1000000,2,35,50,23,40,54,55,poison,,6.9,Ekans
95,90,Cobra Pokémon,69,1000000,3.5,60,50,24,65,79,80,poison,,65,Arbok
55,190,Mouse Pokémon,40,1000000,0.4,35,50,25,50,50,90,electric,,6,Pikachu
85,75,Mouse Pokémon,50,1000000,,60,50,26,95,85,110,electric,electric,,Raichu
75,255,Mouse Pokémon,90,1000000,,50,50,27,10,35,40,ground,ice,,Sandshrew
100,90,Mouse Pokémon,120,1000000,,75,50,28,25,65,65,ground,ice,,Sandslash
47,235,Poison Pin Pokémon,52,1059860,0.4,55,0,29,40,40,41,poison,,7,Nidoran♀
62,120,Poison Pin Pokémon,67,1059860,0.8,70,0,30,55,55,56,poison,,20,Nidorina
92,45,Drill Pokémon,87,1059860,1.3,90,0,31,75,85,76,poison,ground,60,Nidoqueen
57,235,Poison Pin Pokémon,40,1059860,0.5,46,100,32,40,40,50,poison,,9,Nidoran♂
72,120,Poison Pin Pokémon,57,1059860,0.9,61,100,33,55,55,65,poison,,19.5,Nidorino
102,45,Drill Pokémon,77,1059860,1.4,81,100,34,85,75,85,poison,ground,62,Nidoking
45,150,Fairy Pokémon,48,800000,0.6,70,24.6,35,60,65,35,fairy,,7.5,Clefairy
70,25,Fairy Pokémon,73,800000,1.3,95,24.6,36,95,90,60,fairy,,40,Clefable
41,190,Fox Pokémon,40,1000000,,38,24.6,37,50,65,65,fire,ice,,Vulpix
67,75,Fox Pokémon,75,1000000,,73,24.6,38,81,100,109,fire,ice,,Ninetales
45,170,Balloon Pokémon,20,800000,0.5,115,24.6,39,45,25,20,normal,fairy,5.5,Jigglypuff
70,50,Balloon Pokémon,45,800000,1,140,24.6,40,85,50,45,normal,fairy,12,Wigglytuff
45,255,Bat Pokémon,35,1000000,0.8,40,50,41,30,40,55,poison,flying,7.5,Zubat
80,90,Bat Pokémon,70,1000000,1.6,75,50,42,65,75,90,poison,flying,55,Golbat
50,255,Weed Pokémon,55,1059860,0.5,45,50,43,75,65,30,grass,poison,5.4,Oddish
65,120,Weed Pokémon,70,1059860,0.8,60,50,44,85,75,40,grass,poison,8.6,Gloom
80,45,Flower Pokémon,85,1059860,1.2,75,50,45,110,90,50,grass,poison,18.6,Vileplume
70,190,Mushroom Pokémon,55,1000000,0.3,35,50,46,45,55,25,bug,grass,5.4,Paras
95,75,Mushroom Pokémon,80,1000000,1,60,50,47,60,80,30,bug,grass,29.5,Parasect
55,190,Insect Pokémon,50,1000000,1,60,50,48,40,55,45,bug,poison,30,Venonat
65,75,Poison Moth Pokémon,60,1000000,1.5,70,50,49,90,75,90,bug,poison,12.5,Venomoth
55,255,Mole Pokémon,30,1000000,,10,50,50,35,45,90,ground,ground,,Diglett
100,50,Mole Pokémon,60,1000000,,35,50,51,50,70,110,ground,ground,,Dugtrio
35,255,Scratch Cat Pokémon,35,1000000,,40,50,52,50,40,90,normal,dark,,Meowth
60,90,Classy Cat Pokémon,60,1000000,,65,50,53,75,65,115,normal,dark,,Persian
52,190,Duck Pokémon,48,1000000,0.8,50,50,54,65,50,55,water,,19.6,Psyduck
82,75,Duck Pokémon,78,1000000,1.7,80,50,55,95,80,85,water,,76.6,Golduck
80,190,Pig Monkey Pokémon,35,1000000,0.5,40,50,56,35,45,70,fighting,,28,Mankey
105,75,Pig Monkey Pokémon,60,1000000,1,65,50,57,60,70,95,fighting,,32,Primeape
70,190,Puppy Pokémon,45,1250000,0.7,55,75.4,58,70,50,60,fire,,19,Growlithe
110,75,Legendary Pokémon,80,1250000,1.9,90,75.4,59,100,80,95,fire,,155,Arcanine
50,255,Tadpole Pokémon,40,1059860,0.6,40,50,60,40,40,90,water,,12.4,Poliwag
65,120,Tadpole Pokémon,65,1059860,1,65,50,61,50,50,90,water,,20,Poliwhirl
95,45,Tadpole Pokémon,95,1059860,1.3,90,50,62,70,90,70,water,fighting,54,Poliwrath
20,200,Psi Pokémon,15,1059860,0.9,25,75.4,63,105,55,90,psychic,,19.5,Abra
35,100,Psi Pokémon,30,1059860,1.3,40,75.4,64,120,70,105,psychic,,56.5,Kadabra
50,50,Psi Pokémon,65,1059860,1.5,55,75.4,65,175,105,150,psychic,,48,Alakazam
80,180,Superpower Pokémon,50,1059860,0.8,70,75.4,66,35,35,35,fighting,,19.5,Machop
100,90,Superpower Pokémon,70,1059860,1.5,80,75.4,67,50,60,45,fighting,,70.5,Machoke
130,45,Superpower Pokémon,80,1059860,1.6,90,75.4,68,65,85,55,fighting,,130,Machamp
75,255,Flower Pokémon,35,1059860,0.7,50,50,69,70,30,40,grass,poison,4,Bellsprout
90,120,Flycatcher Pokémon,50,1059860,1,65,50,70,85,45,55,grass,poison,6.4,Weepinbell
105,45,Flycatcher Pokémon,65,1059860,1.7,80,50,71,100,70,70,grass,poison,15.5,Victreebel
40,190,Jellyfish Pokémon,35,1250000,0.9,40,50,72,50,100,70,water,poison,45.5,Tentacool
70,60,Jellyfish Pokémon,65,1250000,1.6,80,50,73,80,120,100,water,poison,55,Tentacruel
80,255,Rock Pokémon,100,1059860,,40,50,74,30,30,20,rock,ground,,Geodude
95,120,Rock Pokémon,115,1059860,,55,50,75,45,45,35,rock,ground,,Graveler
120,45,Megaton Pokémon,130,1059860,,80,50,76,55,65,45,rock,ground,,Golem
85,190,Fire Horse Pokémon,55,1000000,1,50,50,77,65,65,90,fire,,30,Ponyta
100,60,Fire Horse Pokémon,70,1000000,1.7,65,50,78,80,80,105,fire,,95,Rapidash
65,190,Dopey Pokémon,65,1000000,1.2,90,50,79,40,40,15,water,psychic,36,Slowpoke
75,75,Hermit Crab Pokémon,180,1000000,1.6,95,50,80,130,80,30,water,psychic,78.5,Slowbro
35,190,Magnet Pokémon,70,1000000,0.3,25,,81,95,55,45,electric,steel,6,Magnemite
60,60,Magnet Pokémon,95,1000000,1,50,,82,120,70,70,electric,steel,60,Magneton
90,45,Wild Duck Pokémon,55,1000000,0.8,52,50,83,58,62,60,normal,flying,15,Farfetch'd
85,190,Twin Bird Pokémon,45,1000000,1.4,35,50,84,35,35,75,normal,flying,39.2,Doduo
110,45,Triple Bird Pokémon,70,1000000,1.8,60,50,85,60,60,110,normal,flying,85.2,Dodrio
45,190,Sea Lion Pokémon,55,1000000,1.1,65,50,86,45,70,45,water,,90,Seel
70,75,Sea Lion Pokémon,80,1000000,1.7,90,50,87,70,95,70,water,ice,120,Dewgong
80,190,Sludge Pokémon,50,1000000,,80,50,88,40,50,25,poison,poison,,Grimer
105,75,Sludge Pokémon,75,1000000,,105,50,89,65,100,50,poison,poison,,Muk
65,190,Bivalve Pokémon,100,1250000,0.3,30,50,90,45,25,40,water,,4,Shellder
95,60,Bivalve Pokémon,180,1250000,1.5,50,50,91,85,45,70,water,ice,132.5,Cloyster
35,190,Gas Pokémon,30,1059860,1.3,30,50,92,100,35,80,ghost,poison,0.1,Gastly
50,90,Gas Pokémon,45,1059860,1.6,45,50,93,115,55,95,ghost,poison,0.1,Haunter
65,45,Shadow Pokémon,80,1059860,1.5,60,50,94,170,95,130,ghost,poison,40.5,Gengar
45,45,Rock Snake Pokémon,160,1000000,8.8,35,50,95,30,45,70,rock,ground,210,Onix
48,190,Hypnosis Pokémon,45,1000000,1,60,50,96,43,90,42,psychic,,32.4,Drowzee
73,75,Hypnosis Pokémon,70,1000000,1.6,85,50,97,73,115,67,psychic,,75.6,Hypno
105,225,River Crab Pokémon,90,1000000,0.4,30,50,98,25,25,50,water,,6.5,Krabby
130,60,Pincer Pokémon,115,1000000,1.3,55,50,99,50,50,75,water,,60,Kingler
30,190,Ball Pokémon,50,1000000,0.5,40,,100,55,55,100,electric,,10.4,Voltorb
50,60,Ball Pokémon,70,1000000,1.2,60,,101,80,80,150,electric,,66.6,Electrode
40,90,Egg Pokémon,80,1250000,0.4,60,50,102,60,45,40,grass,psychic,2.5,Exeggcute
105,45,Coconut Pokémon,85,1250000,,95,50,103,125,75,45,grass,psychic,,Exeggutor
50,190,Lonely Pokémon,95,1000000,0.4,50,50,104,40,50,35,ground,,6.5,Cubone
80,75,Bone Keeper Pokémon,110,1000000,,60,50,105,50,80,45,ground,fire,,Marowak
120,45,Kicking Pokémon,53,1000000,1.5,50,100,106,35,110,87,fighting,,49.8,Hitmonlee
105,45,Punching Pokémon,79,1000000,1.4,50,100,107,35,110,76,fighting,,50.2,Hitmonchan
55,45,Licking Pokémon,75,1000000,1.2,90,50,108,60,75,30,normal,,65.5,Lickitung
65,190,Poison Gas Pokémon,95,1000000,0.6,40,50,109,60,45,35,poison,,1,Koffing
90,60,Poison Gas Pokémon,120,1000000,1.2,65,50,110,85,70,60,poison,,9.5,Weezing
85,120,Spikes Pokémon,95,1250000,1,80,50,111,30,30,25,ground,rock,115,Rhyhorn
130,60,Drill Pokémon,120,1250000,1.9,105,50,112,45,45,40,ground,rock,120,Rhydon
5,30,Egg Pokémon,5,800000,1.1,250,0,113,35,105,50,normal,,34.6,Chansey
55,45,Vine Pokémon,115,1000000,1,65,50,114,100,40,60,grass,,35,Tangela
125,45,Parent Pokémon,100,1000000,2.2,105,0,115,60,100,100,normal,,80,Kangaskhan
40,225,Dragon Pokémon,70,1000000,0.4,30,50,116,70,25,60,water,,8,Horsea
65,75,Dragon Pokémon,95,1000000,1.2,55,50,117,95,45,85,water,,25,Seadra
67,225,Goldfish Pokémon,60,1000000,0.6,45,50,118,35,50,63,water,,15,Goldeen
92,60,Goldfish Pokémon,65,1000000,1.3,80,50,119,65,80,68,water,,39,Seaking
45,225,Starshape Pokémon,55,1250000,0.8,30,,120,70,55,85,water,,34.5,Staryu
75,60,Mysterious Pokémon,85,1250000,1.1,60,,121,100,85,115,water,psychic,80,Starmie
45,45,Barrier Pokémon,65,1000000,1.3,40,50,122,100,120,90,psychic,fairy,54.5,Mr. Mime
110,45,Mantis Pokémon,80,1000000,1.5,70,50,123,55,80,105,bug,flying,56,Scyther
50,45,Humanshape Pokémon,35,1000000,1.4,65,0,124,115,95,95,ice,psychic,40.6,Jynx
83,45,Electric Pokémon,57,1000000,1.1,65,75.4,125,95,85,105,electric,,30,Electabuzz
95,45,Spitfire Pokémon,57,1000000,1.3,65,75.4,126,100,85,93,fire,,44.5,Magmar
155,45,Stagbeetle Pokémon,120,1250000,1.5,65,50,127,65,90,105,bug,,55,Pinsir
100,45,Wild Bull Pokémon,95,1250000,1.4,75,100,128,40,70,110,normal,,88.4,Tauros
10,255,Fish Pokémon,55,1250000,0.9,20,50,129,15,20,80,water,,10,Magikarp
155,45,Atrocious Pokémon,109,1250000,6.5,95,50,130,70,130,81,water,flying,235,Gyarados
85,45,Transport Pokémon,80,1250000,2.5,130,50,131,85,95,60,water,ice,220,Lapras
48,35,Transform Pokémon,48,1000000,0.3,48,,132,48,48,48,normal,,4,Ditto
55,45,Evolution Pokémon,50,1000000,0.3,55,88.1,133,45,65,55,normal,,6.5,Eevee
65,45,Bubble Jet Pokémon,60,1000000,1,130,88.1,134,110,95,65,water,,29,Vaporeon
65,45,Lightning Pokémon,60,1000000,0.8,65,88.1,135,110,95,130,electric,,24.5,Jolteon
130,45,Flame Pokémon,60,1000000,0.9,65,88.1,136,95,110,65,fire,,25,Flareon
60,45,Virtual Pokémon,70,1000000,0.8,65,,137,85,75,40,normal,,36.5,Porygon
40,45,Spiral Pokémon,100,1000000,0.4,35,88.1,138,90,55,35,rock,water,7.5,Omanyte
60,45,Spiral Pokémon,125,1000000,1,70,88.1,139,115,70,55,rock,water,35,Omastar
80,45,Shellfish Pokémon,90,1000000,0.5,30,88.1,140,55,45,55,rock,water,11.5,Kabuto
115,45,Shellfish Pokémon,105,1000000,1.3,60,88.1,141,65,70,80,rock,water,40.5,Kabutops
135,45,Fossil Pokémon,85,1250000,1.8,80,88.1,142,70,95,150,rock,flying,59,Aerodactyl
110,25,Sleeping Pokémon,65,1250000,2.1,160,88.1,143,65,110,30,normal,,460,Snorlax
85,3,Freeze Pokémon,100,1250000,1.7,90,,144,95,125,85,ice,flying,55.4,Articuno
90,3,Electric Pokémon,85,1250000,1.6,90,,145,125,90,100,electric,flying,52.6,Zapdos
100,3,Flame Pokémon,90,1250000,2,90,,146,125,85,90,fire,flying,60,Moltres
64,45,Dragon Pokémon,45,1250000,1.8,41,50,147,50,50,50,dragon,,3.3,Dratini
84,45,Dragon Pokémon,65,1250000,4,61,50,148,70,70,70,dragon,,16.5,Dragonair
134,45,Dragon Pokémon,95,1250000,2.2,91,50,149,100,100,80,dragon,flying,210,Dragonite
150,3,Genetic Pokémon,70,1250000,2,106,,150,194,120,140,psychic,,122,Mewtwo
100,45,New Species Pokémon,100,1059860,0.4,100,,151,100,100,100,psychic,,4,Mew
49,45,Leaf Pokémon,65,1059860,0.9,45,88.1,152,49,65,45,grass,,6.4,Chikorita
62,45,Leaf Pokémon,80,1059860,1.2,60,88.1,153,63,80,60,grass,,15.8,Bayleef
82,45,Herb Pokémon,100,1059860,1.8,80,88.1,154,83,100,80,grass,,100.5,Meganium
52,45,Fire Mouse Pokémon,43,1059860,0.5,39,88.1,155,60,50,65,fire,,7.9,Cyndaquil
64,45,Volcano Pokémon,58,1059860,0.9,58,88.1,156,80,65,80,fire,,19,Quilava
84,45,Volcano Pokémon,78,1059860,1.7,78,88.1,157,109,85,100,fire,,79.5,Typhlosion
65,45,Big Jaw Pokémon,64,1059860,0.6,50,88.1,158,44,48,43,water,,9.5,Totodile
80,45,Big Jaw Pokémon,80,1059860,1.1,65,88.1,159,59,63,58,water,,25,Croconaw
105,45,Big Jaw Pokémon,100,1059860,2.3,85,88.1,160,79,83,78,water,,88.8,Feraligatr
46,255,Scout Pokémon,34,1000000,0.8,35,50,161,35,45,20,normal,,6,Sentret
76,90,Long Body Pokémon,64,1000000,1.8,85,50,162,45,55,90,normal,,32.5,Furret
30,255,Owl Pokémon,30,1000000,0.7,60,50,163,36,56,50,normal,flying,21.2,Hoothoot
50,90,Owl Pokémon,50,1000000,1.6,100,50,164,86,96,70,normal,flying,40.8,Noctowl
20,255,Five Star Pokémon,30,800000,1,40,50,165,40,80,55,bug,flying,10.8,Ledyba
35,90,Five Star Pokémon,50,800000,1.4,55,50,166,55,110,85,bug,flying,35.6,Ledian
60,255,String Spit Pokémon,40,800000,0.5,40,50,167,40,40,30,bug,poison,8.5,Spinarak
90,90,Long Leg Pokémon,70,800000,1.1,70,50,168,60,70,40,bug,poison,33.5,Ariados
90,90,Bat Pokémon,80,1000000,1.8,85,50,169,70,80,130,poison,flying,75,Crobat
38,190,Angler Pokémon,38,1250000,0.5,75,50,170,56,56,67,water,electric,12,Chinchou
58,75,Light Pokémon,58,1250000,1.2,125,50,171,76,76,67,water,electric,22.5,Lanturn
40,190,Tiny Mouse Pokémon,15,1000000,0.3,20,50,172,35,35,60,electric,,2,Pichu
25,150,Star Shape Pokémon,28,800000,0.3,50,24.6,173,45,55,15,fairy,,3,Cleffa
30,170,Balloon Pokémon,15,800000,0.3,90,24.6,174,40,20,15,normal,fairy,1,Igglybuff
20,190,Spike Ball Pokémon,65,800000,0.3,35,88.1,175,40,65,20,fairy,,1.5,Togepi
40,75,Happiness Pokémon,85,800000,0.6,55,88.1,176,80,105,40,fairy,flying,3.2,Togetic
50,190,Little Bird Pokémon,45,1000000,0.2,40,50,177,70,45,70,psychic,flying,2,Natu
75,75,Mystic Pokémon,70,1000000,1.5,65,50,178,95,70,95,psychic,flying,15,Xatu
40,235,Wool Pokémon,40,1059860,0.6,55,50,179,65,45,35,electric,,7.8,Mareep
55,120,Wool Pokémon,55,1059860,0.8,70,50,180,80,60,45,electric,,13.3,Flaaffy
95,45,Light Pokémon,105,1059860,1.4,90,50,181,165,110,45,electric,,61.5,Ampharos
80,45,Flower Pokémon,95,1059860,0.4,75,50,182,90,100,50,grass,,5.8,Bellossom
20,190,Aquamouse Pokémon,50,800000,0.4,70,50,183,20,50,40,water,fairy,8.5,Marill
50,75,Aquarabbit Pokémon,80,800000,0.8,100,50,184,60,80,50,water,fairy,28.5,Azumarill
100,65,Imitation Pokémon,115,1000000,1.2,70,50,185,30,65,30,rock,,38,Sudowoodo
75,45,Frog Pokémon,75,1059860,1.1,90,50,186,90,100,70,water,,33.9,Politoed
35,255,Cottonweed Pokémon,40,1059860,0.4,35,50,187,35,55,50,grass,flying,0.5,Hoppip
45,120,Cottonweed Pokémon,50,1059860,0.6,55,50,188,45,65,80,grass,flying,1,Skiploom
55,45,Cottonweed Pokémon,70,1059860,0.8,75,50,189,55,95,110,grass,flying,3,Jumpluff
70,45,Long Tail Pokémon,55,800000,0.8,55,50,190,40,55,85,normal,,11.5,Aipom
30,235,Seed Pokémon,30,1059860,0.3,30,50,191,30,30,30,grass,,1.8,Sunkern
75,120,Sun Pokémon,55,1059860,0.8,75,50,192,105,85,30,grass,,8.5,Sunflora
65,75,Clear Wing Pokémon,45,1000000,1.2,65,50,193,75,45,95,bug,flying,38,Yanma
45,255,Water Fish Pokémon,45,1000000,0.4,55,50,194,25,25,15,water,ground,8.5,Wooper
85,90,Water Fish Pokémon,85,1000000,1.4,95,50,195,65,65,35,water,ground,75,Quagsire
65,45,Sun Pokémon,60,1000000,0.9,65,88.1,196,130,95,110,psychic,,26.5,Espeon
65,45,Moonlight Pokémon,110,1000000,1,95,88.1,197,60,130,65,dark,,27,Umbreon
85,30,Darkness Pokémon,42,1059860,0.5,60,50,198,85,42,91,dark,flying,2.1,Murkrow
75,70,Royal Pokémon,80,1000000,2,95,50,199,100,110,30,water,psychic,79.5,Slowking
60,45,Screech Pokémon,60,800000,0.7,60,50,200,85,85,85,ghost,,1,Misdreavus
72,225,Symbol Pokémon,48,1000000,0.5,48,,201,72,48,48,psychic,,5,Unown
33,45,Patient Pokémon,58,1000000,1.3,190,50,202,33,58,33,psychic,,28.5,Wobbuffet
80,60,Long Neck Pokémon,65,1000000,1.5,70,50,203,90,65,85,normal,psychic,41.5,Girafarig
65,190,Bagworm Pokémon,90,1000000,0.6,50,50,204,35,35,15,bug,,7.2,Pineco
90,75,Bagworm Pokémon,140,1000000,1.2,75,50,205,60,60,40,bug,steel,125.8,Forretress
70,190,Land Snake Pokémon,70,1000000,1.5,100,50,206,65,65,45,normal,,14,Dunsparce
75,60,Flyscorpion Pokémon,105,1059860,1.1,65,50,207,35,65,85,ground,flying,64.8,Gligar
125,25,Iron Snake Pokémon,230,1000000,9.2,75,50,208,55,95,30,steel,ground,400,Steelix
80,190,Fairy Pokémon,50,800000,0.6,60,24.6,209,40,40,30,fairy,,7.8,Snubbull
120,75,Fairy Pokémon,75,800000,1.4,90,24.6,210,60,60,45,fairy,,48.7,Granbull
95,45,Balloon Pokémon,85,1000000,0.5,65,50,211,55,55,85,water,poison,3.9,Qwilfish
150,25,Pincer Pokémon,140,1000000,1.8,70,50,212,65,100,75,bug,steel,118,Scizor
10,190,Mold Pokémon,230,1059860,0.6,20,50,213,10,230,5,bug,rock,20.5,Shuckle
185,45,Singlehorn Pokémon,115,1250000,1.5,80,50,214,40,105,75,bug,fighting,54,Heracross
95,60,Sharp Claw Pokémon,55,1059860,0.9,55,50,215,35,75,115,dark,ice,28,Sneasel
80,120,Little Bear Pokémon,50,1000000,0.6,60,50,216,50,50,40,normal,,8.8,Teddiursa
130,60,Hibernator Pokémon,75,1000000,1.8,90,50,217,75,75,55,normal,,125.8,Ursaring
40,190,Lava Pokémon,40,1000000,0.7,40,50,218,70,40,20,fire,,35,Slugma
50,75,Lava Pokémon,120,1000000,0.8,60,50,219,90,80,30,fire,rock,55,Magcargo
50,225,Pig Pokémon,40,1250000,0.4,50,50,220,30,30,50,ice,ground,6.5,Swinub
100,75,Swine Pokémon,80,1250000,1.1,100,50,221,60,60,50,ice,ground,55.8,Piloswine
55,60,Coral Pokémon,95,800000,0.6,65,24.6,222,65,95,35,water,rock,5,Corsola
65,190,Jet Pokémon,35,1000000,0.6,35,50,223,65,35,65,water,,12,Remoraid
105,75,Jet Pokémon,75,1000000,0.9,75,50,224,105,75,45,water,,28.5,Octillery
55,45,Delivery Pokémon,45,800000,0.9,45,50,225,65,45,75,ice,flying,16,Delibird
40,25,Kite Pokémon,70,1250000,2.1,85,50,226,80,140,70,water,flying,220,Mantine
80,25,Armor Bird Pokémon,140,1250000,1.7,65,50,227,40,70,70,steel,flying,50.5,Skarmory
60,120,Dark Pokémon,30,1250000,0.6,45,50,228,80,50,65,dark,fire,10.8,Houndour
90,45,Dark Pokémon,90,1250000,1.4,75,50,229,140,90,115,dark,fire,35,Houndoom
95,45,Dragon Pokémon,95,1000000,1.8,75,50,230,95,95,85,water,dragon,152,Kingdra
60,120,Long Nose Pokémon,60,1000000,0.5,90,50,231,40,40,40,ground,,33.5,Phanpy
120,60,Armor Pokémon,120,1000000,1.1,90,50,232,60,60,50,ground,,120,Donphan
80,45,Virtual Pokémon,90,1000000,0.6,85,,233,105,95,60,normal,,32.5,Porygon2
95,45,Big Horn Pokémon,62,1250000,1.4,73,50,234,85,65,85,normal,,71.2,Stantler
20,45,Painter Pokémon,35,800000,1.2,55,50,235,20,45,75,normal,,58,Smeargle
35,75,Scuffle Pokémon,35,1000000,0.7,35,100,236,35,35,35,fighting,,21,Tyrogue
95,45,Handstand Pokémon,95,1000000,1.4,50,100,237,35,110,70,fighting,,48,Hitmontop
30,45,Kiss Pokémon,15,1000000,0.4,45,0,238,85,65,65,ice,psychic,6,Smoochum
63,45,Electric Pokémon,37,1000000,0.6,45,75.4,239,65,55,95,electric,,23.5,Elekid
75,45,Live Coal Pokémon,37,1000000,0.7,45,75.4,240,70,55,83,fire,,21.4,Magby
80,45,Milk Cow Pokémon,105,1250000,1.2,95,0,241,40,70,100,normal,,75.5,Miltank
10,30,Happiness Pokémon,10,800000,1.5,255,0,242,75,135,55,normal,,46.8,Blissey
85,3,Thunder Pokémon,75,1250000,1.9,90,,243,115,100,115,electric,,178,Raikou
115,3,Volcano Pokémon,85,1250000,2.1,115,,244,90,75,100,fire,,198,Entei
75,3,Aurora Pokémon,115,1250000,2,100,,245,90,115,85,water,,187,Suicune
64,45,Rock Skin Pokémon,50,1250000,0.6,50,50,246,45,50,41,rock,ground,72,Larvitar
84,45,Hard Shell Pokémon,70,1250000,1.2,70,50,247,65,70,51,rock,ground,152,Pupitar
164,45,Armor Pokémon,150,1250000,2,100,50,248,95,120,71,rock,dark,202,Tyranitar
90,3,Diving Pokémon,130,1250000,5.2,106,,249,90,154,110,psychic,flying,216,Lugia
130,3,Rainbow Pokémon,90,1250000,3.8,106,,250,110,154,90,fire,flying,199,Ho-Oh
100,45,Time Travel Pokémon,100,1059860,0.6,100,,251,100,100,100,psychic,grass,5,Celebi
45,45,Wood Gecko Pokémon,35,1059860,0.5,40,88.1,252,65,55,70,grass,,5,Treecko
65,45,Wood Gecko Pokémon,45,1059860,0.9,50,88.1,253,85,65,95,grass,,21.6,Grovyle
110,45,Forest Pokémon,75,1059860,1.7,70,88.1,254,145,85,145,grass,,52.2,Sceptile
60,45,Chick Pokémon,40,1059860,0.4,45,88.1,255,70,50,45,fire,,2.5,Torchic
85,45,Young Fowl Pokémon,60,1059860,0.9,60,88.1,256,85,60,55,fire,fighting,19.5,Combusken
160,45,Blaze Pokémon,80,1059860,1.9,80,88.1,257,130,80,100,fire,fighting,52,Blaziken
70,45,Mud Fish Pokémon,50,1059860,0.4,50,88.1,258,50,50,40,water,,7.6,Mudkip
85,45,Mud Fish Pokémon,70,1059860,0.7,70,88.1,259,60,70,50,water,ground,28,Marshtomp
150,45,Mud Fish Pokémon,110,1059860,1.5,100,88.1,260,95,110,70,water,ground,81.9,Swampert
55,255,Bite Pokémon,35,1000000,0.5,35,50,261,30,30,35,dark,,13.6,Poochyena
90,127,Bite Pokémon,70,1000000,1,70,50,262,60,60,70,dark,,37,Mightyena
30,255,Tiny Racoon Pokémon,41,1000000,0.4,38,50,263,30,41,60,normal,,17.5,Zigzagoon
70,90,Rush Pokémon,61,1000000,0.5,78,50,264,50,61,100,normal,,32.5,Linoone
45,255,Worm Pokémon,35,1000000,0.3,45,50,265,20,30,20,bug,,3.6,Wurmple
35,120,Cocoon Pokémon,55,1000000,0.6,50,50,266,25,25,15,bug,,10,Silcoon
70,45,Butterfly Pokémon,50,1000000,1,60,50,267,100,50,65,bug,flying,28.4,Beautifly
35,120,Cocoon Pokémon,55,1000000,0.7,50,50,268,25,25,15,bug,,11.5,Cascoon
50,45,Poison Moth Pokémon,70,1000000,1.2,60,50,269,50,90,65,bug,poison,31.6,Dustox
30,255,Water Weed Pokémon,30,1059860,0.5,40,50,270,40,50,30,water,grass,2.6,Lotad
50,120,Jolly Pokémon,50,1059860,1.2,60,50,271,60,70,50,water,grass,32.5,Lombre
70,45,Carefree Pokémon,70,1059860,1.5,80,50,272,90,100,70,water,grass,55,Ludicolo
40,255,Acorn Pokémon,50,1059860,0.5,40,50,273,30,30,30,grass,,4,Seedot
70,120,Wily Pokémon,40,1059860,1,70,50,274,60,40,60,grass,dark,28,Nuzleaf
100,45,Wickid Pokémon,60,1059860,1.3,90,50,275,90,60,80,grass,dark,59.6,Shiftry
55,200,TinySwallow Pokémon,30,1059860,0.3,40,50,276,30,30,85,normal,flying,2.3,Taillow
85,45,Swallow Pokémon,60,1059860,0.7,60,50,277,75,50,125,normal,flying,19.8,Swellow
30,190,Seagull Pokémon,30,1000000,0.6,40,50,278,55,30,85,water,flying,9.5,Wingull
50,45,Water Bird Pokémon,100,1000000,1.2,60,50,279,95,70,65,water,flying,28,Pelipper
25,235,Feeling Pokémon,25,1250000,0.4,28,50,280,45,35,40,psychic,fairy,6.6,Ralts
35,120,Emotion Pokémon,35,1250000,0.8,38,50,281,65,55,50,psychic,fairy,20.2,Kirlia
85,45,Embrace Pokémon,65,1250000,1.6,68,50,282,165,135,100,psychic,fairy,48.4,Gardevoir
30,200,Pond Skater Pokémon,32,1000000,0.5,40,50,283,50,52,65,bug,water,1.7,Surskit
60,75,Eyeball Pokémon,62,1000000,0.8,70,50,284,100,82,80,bug,flying,3.6,Masquerain
40,255,Mushroom Pokémon,60,1640000,0.4,60,50,285,40,60,35,grass,,4.5,Shroomish
130,90,Mushroom Pokémon,80,1640000,1.2,60,50,286,60,60,70,grass,fighting,39.2,Breloom
60,255,Slacker Pokémon,60,1250000,0.8,60,50,287,35,35,30,normal,,24,Slakoth
80,120,Wild Monkey Pokémon,80,1250000,1.4,80,50,288,55,55,90,normal,,46.5,Vigoroth
160,45,Lazy Pokémon,100,1250000,2,150,50,289,95,65,100,normal,,130.5,Slaking
45,255,Trainee Pokémon,90,600000,0.5,31,50,290,30,30,40,bug,ground,5.5,Nincada
90,120,Ninja Pokémon,45,600000,0.8,61,50,291,50,50,160,bug,flying,12,Ninjask
90,45,Shed Pokémon,45,600000,0.8,1,,292,30,30,40,bug,ghost,1.2,Shedinja
51,190,Whisper Pokémon,23,1059860,0.6,64,50,293,51,23,28,normal,,16.3,Whismur
71,120,Big Voice Pokémon,43,1059860,1,84,50,294,71,43,48,normal,,40.5,Loudred
91,45,Loud Noise Pokémon,63,1059860,1.5,104,50,295,91,73,68,normal,,84,Exploud
60,180,Guts Pokémon,30,1640000,1,72,75.4,296,20,30,25,fighting,,86.4,Makuhita
120,200,Arm Thrust Pokémon,60,1640000,2.3,144,75.4,297,40,60,50,fighting,,253.8,Hariyama
20,150,Polka Dot Pokémon,40,800000,0.2,50,24.6,298,20,40,20,normal,fairy,2,Azurill
45,255,Compass Pokémon,135,1000000,1,30,50,299,45,90,30,rock,,97,Nosepass
45,255,Kitten Pokémon,45,800000,0.6,50,24.6,300,35,35,50,normal,,11,Skitty
65,60,Prim Pokémon,65,800000,1.1,70,24.6,301,55,55,90,normal,,32.6,Delcatty
85,45,Darkness Pokémon,125,1059860,0.5,50,50,302,85,115,20,dark,ghost,11,Sableye
105,45,Deceiver Pokémon,125,800000,0.6,50,50,303,55,95,50,steel,fairy,11.5,Mawile
70,180,Iron Armor Pokémon,100,1250000,0.4,50,50,304,40,40,30,steel,rock,60,Aron
90,90,Iron Armor Pokémon,140,1250000,0.9,60,50,305,50,50,40,steel,rock,120,Lairon
140,45,Iron Armor Pokémon,230,1250000,2.1,70,50,306,60,80,50,steel,rock,360,Aggron
40,180,Meditate Pokémon,55,1000000,0.6,30,50,307,40,55,60,fighting,psychic,11.2,Meditite
100,90,Meditate Pokémon,85,1000000,1.3,60,50,308,80,85,100,fighting,psychic,31.5,Medicham
45,120,Lightning Pokémon,40,1250000,0.6,40,50,309,65,40,65,electric,,15.2,Electrike
75,45,Discharge Pokémon,80,1250000,1.5,70,50,310,135,80,135,electric,,40.2,Manectric
50,200,Cheering Pokémon,40,1000000,0.4,60,50,311,85,75,95,electric,,4.2,Plusle
40,200,Cheering Pokémon,50,1000000,0.4,60,50,312,75,85,95,electric,,4.2,Minun
73,150,Firefly Pokémon,75,600000,0.7,65,100,313,47,85,85,bug,,17.7,Volbeat
47,150,Firefly Pokémon,75,1640000,0.6,65,0,314,73,85,85,bug,,17.7,Illumise
60,150,Thorn Pokémon,45,1059860,0.3,50,50,315,100,80,65,grass,poison,2,Roselia
43,225,Stomach Pokémon,53,1640000,0.4,70,50,316,43,53,40,poison,,10.3,Gulpin
73,75,Poison Bag Pokémon,83,1640000,1.7,100,50,317,73,83,55,poison,,80,Swalot
90,225,Savage Pokémon,20,1250000,0.8,45,50,318,65,20,65,water,dark,20.8,Carvanha
140,60,Brutal Pokémon,70,1250000,1.8,70,50,319,110,65,105,water,dark,88.8,Sharpedo
70,125,Ball Whale Pokémon,35,1640000,2,130,50,320,70,35,60,water,,130,Wailmer
90,60,Float Whale Pokémon,45,1640000,14.5,170,50,321,90,45,60,water,,398,Wailord
60,255,Numb Pokémon,40,1000000,0.7,60,50,322,65,45,35,fire,ground,24,Numel
120,150,Eruption Pokémon,100,1000000,1.9,70,50,323,145,105,20,fire,ground,220,Camerupt
85,90,Coal Pokémon,140,1000000,0.5,70,50,324,85,70,20,fire,,80.4,Torkoal
25,255,Bounce Pokémon,35,800000,0.7,60,50,325,70,80,60,psychic,,30.6,Spoink
45,60,Manipulate Pokémon,65,800000,0.9,80,50,326,90,110,80,psychic,,71.5,Grumpig
60,255,Spot Panda Pokémon,60,800000,1.1,60,50,327,60,60,60,normal,,5,Spinda
100,255,Ant Pit Pokémon,45,1059860,0.7,45,50,328,45,45,10,ground,,15,Trapinch
70,120,Vibration Pokémon,50,1059860,1.1,50,50,329,50,50,70,ground,dragon,15.3,Vibrava
100,45,Mystic Pokémon,80,1059860,2,80,50,330,80,80,100,ground,dragon,82,Flygon
85,190,Cactus Pokémon,40,1059860,0.4,50,50,331,85,40,35,grass,,51.3,Cacnea
115,60,Scarecrow Pokémon,60,1059860,1.3,70,50,332,115,60,55,grass,dark,77.4,Cacturne
40,255,Cotton Bird Pokémon,60,600000,0.4,45,50,333,40,75,50,normal,flying,1.2,Swablu
110,45,Humming Pokémon,110,600000,1.1,75,50,334,110,105,80,dragon,flying,20.6,Altaria
115,90,Cat Ferret Pokémon,60,600000,1.3,73,50,335,60,60,90,normal,,40.3,Zangoose
100,90,Fang Snake Pokémon,60,1640000,2.7,73,50,336,100,60,65,poison,,52.5,Seviper
55,45,Meteorite Pokémon,65,800000,1,90,,337,95,85,70,rock,psychic,168,Lunatone
95,45,Meteorite Pokémon,85,800000,1.2,90,,338,55,65,70,rock,psychic,154,Solrock
48,190,Whiskers Pokémon,43,1000000,0.4,50,50,339,46,41,60,water,ground,1.9,Barboach
78,75,Whiskers Pokémon,73,1000000,0.9,110,50,340,76,71,60,water,ground,23.6,Whiscash
80,205,Ruffian Pokémon,65,1640000,0.6,43,50,341,50,35,35,water,,11.5,Corphish
120,155,Rogue Pokémon,85,1640000,1.1,63,50,342,90,55,55,water,dark,32.8,Crawdaunt
40,255,Clay Doll Pokémon,55,1000000,0.5,40,,343,40,70,55,ground,psychic,21.5,Baltoy
70,90,Clay Doll Pokémon,105,1000000,1.5,60,,344,70,120,75,ground,psychic,108,Claydol
41,45,Sea Lily Pokémon,77,600000,1,66,88.1,345,61,87,23,rock,grass,23.8,Lileep
81,45,Barnacle Pokémon,97,600000,1.5,86,88.1,346,81,107,43,rock,grass,60.4,Cradily
95,45,Old Shrimp Pokémon,50,600000,0.7,45,88.1,347,40,50,75,rock,bug,12.5,Anorith
125,45,Plate Pokémon,100,600000,1.5,75,88.1,348,70,80,45,rock,bug,68.2,Armaldo
15,255,Fish Pokémon,20,600000,0.6,20,50,349,10,55,80,water,,7.4,Feebas
60,60,Tender Pokémon,79,600000,6.2,95,50,350,100,125,81,water,,162,Milotic
70,45,Weather Pokémon,70,1000000,0.3,70,50,351,70,70,70,normal,,0.8,Castform
90,200,Color Swap Pokémon,70,1059860,1,60,50,352,60,120,40,normal,,22,Kecleon
75,225,Puppet Pokémon,35,800000,0.6,44,50,353,63,33,45,ghost,,2.3,Shuppet
165,45,Marionette Pokémon,75,800000,1.1,64,50,354,93,83,75,ghost,,12.5,Banette
40,190,Requiem Pokémon,90,800000,0.8,20,50,355,30,90,25,ghost,,15,Duskull
70,90,Beckon Pokémon,130,800000,1.6,40,50,356,60,130,25,ghost,,30.6,Dusclops
68,200,Fruit Pokémon,83,1250000,2,99,50,357,72,87,51,grass,flying,100,Tropius
50,45,Wind Chime Pokémon,80,800000,0.6,75,50,358,95,90,65,psychic,,1,Chimecho
150,30,Disaster Pokémon,60,1059860,1.2,65,50,359,115,60,115,dark,,47,Absol
23,125,Bright Pokémon,48,1000000,0.6,95,50,360,23,48,23,psychic,,14,Wynaut
50,190,Snow Hat Pokémon,50,1000000,0.7,50,50,361,50,50,50,ice,,16.8,Snorunt
120,75,Face Pokémon,80,1000000,1.5,80,50,362,120,80,100,ice,,256.5,Glalie
40,255,Clap Pokémon,50,1059860,0.8,70,50,363,55,50,25,ice,water,39.5,Spheal
60,120,Ball Roll Pokémon,70,1059860,1.1,90,50,364,75,70,45,ice,water,87.6,Sealeo
80,45,Ice Break Pokémon,90,1059860,1.4,110,50,365,95,90,65,ice,water,150.6,Walrein
64,255,Bivalve Pokémon,85,600000,0.4,35,50,366,74,55,32,water,,52.5,Clamperl
104,60,Deep Sea Pokémon,105,600000,1.7,55,50,367,94,75,52,water,,27,Huntail
84,60,South Sea Pokémon,105,600000,1.8,55,50,368,114,75,52,water,,22.6,Gorebyss
90,25,Longevity Pokémon,130,1250000,1,100,88.1,369,45,65,55,water,rock,23.4,Relicanth
30,225,Rendezvous Pokémon,55,800000,0.6,43,24.6,370,40,65,97,water,,8.7,Luvdisc
75,45,Rock Head Pokémon,60,1250000,0.6,45,50,371,40,30,50,dragon,,42.1,Bagon
95,45,Endurance Pokémon,100,1250000,1.1,65,50,372,60,50,50,dragon,,110.5,Shelgon
145,45,Dragon Pokémon,130,1250000,1.5,95,50,373,120,90,120,dragon,flying,102.6,Salamence
55,3,Iron Ball Pokémon,80,1250000,0.6,40,,374,35,60,30,steel,psychic,95.2,Beldum
75,3,Iron Claw Pokémon,100,1250000,1.2,60,,375,55,80,50,steel,psychic,202.5,Metang
145,3,Iron Leg Pokémon,150,1250000,1.6,80,,376,105,110,110,steel,psychic,550,Metagross
100,3,Rock Peak Pokémon,200,1250000,1.7,80,,377,50,100,50,rock,,230,Regirock
50,3,Iceberg Pokémon,100,1250000,1.8,80,,378,100,200,50,ice,,175,Regice
75,3,Iron Pokémon,150,1250000,1.9,80,,379,75,150,50,steel,,205,Registeel
100,3,Eon Pokémon,120,1250000,1.4,80,0,380,140,150,110,dragon,psychic,40,Latias
130,3,Eon Pokémon,100,1250000,2,80,100,381,160,120,110,dragon,psychic,60,Latios
150,3,Sea Basin Pokémon,90,1250000,4.5,100,,382,180,160,90,water,,352,Kyogre
180,3,Continent Pokémon,160,1250000,3.5,100,,383,150,90,90,ground,,950,Groudon
180,45,Sky High Pokémon,100,1250000,7,105,,384,180,100,115,dragon,flying,206.5,Rayquaza
100,3,Wish Pokémon,100,1250000,0.3,100,,385,100,100,100,steel,psychic,1.1,Jirachi
95,3,DNA Pokémon,90,1250000,1.7,50,,386,95,90,180,psychic,,60.8,Deoxys
68,45,Tiny Leaf Pokémon,64,1059860,0.4,55,88.1,387,45,55,31,grass,,10.2,Turtwig
89,45,Grove Pokémon,85,1059860,1.1,75,88.1,388,55,65,36,grass,,97,Grotle
109,45,Continent Pokémon,105,1059860,2.2,95,88.1,389,75,85,56,grass,ground,310,Torterra
58,45,Chimp Pokémon,44,1059860,0.5,44,88.1,390,58,44,61,fire,,6.2,Chimchar
78,45,Playful Pokémon,52,1059860,0.9,64,88.1,391,78,52,81,fire,fighting,22,Monferno
104,45,Flame Pokémon,71,1059860,1.2,76,88.1,392,104,71,108,fire,fighting,55,Infernape
51,45,Penguin Pokémon,53,1059860,0.4,53,88.1,393,61,56,40,water,,5.2,Piplup
66,45,Penguin Pokémon,68,1059860,0.8,64,88.1,394,81,76,50,water,,23,Prinplup
86,45,Emperor Pokémon,88,1059860,1.7,84,88.1,395,111,101,60,water,steel,84.5,Empoleon
55,255,Starling Pokémon,30,1059860,0.3,40,50,396,30,30,60,normal,flying,2,Starly
75,120,Starling Pokémon,50,1059860,0.6,55,50,397,40,40,80,normal,flying,15.5,Staravia
120,45,Predator Pokémon,70,1059860,1.2,85,50,398,50,60,100,normal,flying,24.9,Staraptor
45,255,Plump Mouse Pokémon,40,1000000,0.5,59,50,399,35,40,31,normal,,20,Bidoof
85,127,Beaver Pokémon,60,1000000,1,79,50,400,55,60,71,normal,water,31.5,Bibarel
25,255,Cricket Pokémon,41,1059860,0.3,37,50,401,25,41,25,bug,,2.2,Kricketot
85,45,Cricket Pokémon,51,1059860,1,77,50,402,55,51,65,bug,,25.5,Kricketune
65,235,Flash Pokémon,34,1059860,0.5,45,50,403,40,34,45,electric,,9.5,Shinx
85,120,Spark Pokémon,49,1059860,0.9,60,50,404,60,49,60,electric,,30.5,Luxio
120,45,Gleam Eyes Pokémon,79,1059860,1.4,80,50,405,95,79,70,electric,,42,Luxray
30,255,Bud Pokémon,35,1059860,0.2,40,50,406,50,70,55,grass,poison,1.2,Budew
70,75,Bouquet Pokémon,65,1059860,0.9,60,50,407,125,105,90,grass,poison,14.5,Roserade
125,45,Head Butt Pokémon,40,600000,0.9,67,88.1,408,30,30,58,rock,,31.5,Cranidos
165,45,Head Butt Pokémon,60,600000,1.6,97,88.1,409,65,50,58,rock,,102.5,Rampardos
42,45,Shield Pokémon,118,600000,0.5,30,88.1,410,42,88,30,rock,steel,57,Shieldon
52,45,Shield Pokémon,168,600000,1.3,60,88.1,411,47,138,30,rock,steel,149.5,Bastiodon
29,120,Bagworm Pokémon,45,1000000,0.2,40,50,412,29,45,36,bug,,3.4,Burmy
69,45,Bagworm Pokémon,95,1000000,0.5,60,0,413,69,95,36,bug,grass,6.5,Wormadam
94,45,Moth Pokémon,50,1000000,0.9,70,100,414,94,50,66,bug,flying,23.3,Mothim
30,120,Tiny Bee Pokémon,42,1059860,0.3,30,88.1,415,30,42,70,bug,flying,5.5,Combee
80,45,Beehive Pokémon,102,1059860,1.2,70,0,416,80,102,40,bug,flying,38.5,Vespiquen
45,200,EleSquirrel Pokémon,70,1000000,0.4,60,50,417,45,90,95,electric,,3.9,Pachirisu
65,190,Sea Weasel Pokémon,35,1000000,0.7,55,50,418,60,30,85,water,,29.5,Buizel
105,75,Sea Weasel Pokémon,55,1000000,1.1,85,50,419,85,50,115,water,,33.5,Floatzel
35,190,Cherry Pokémon,45,1000000,0.4,45,50,420,62,53,35,grass,,3.3,Cherubi
60,75,Blossom Pokémon,70,1000000,0.5,70,50,421,87,78,85,grass,,9.3,Cherrim
48,190,Sea Slug Pokémon,48,1000000,0.3,76,50,422,57,62,34,water,,6.3,Shellos
83,75,Sea Slug Pokémon,68,1000000,0.9,111,50,423,92,82,39,water,ground,29.9,Gastrodon
100,45,Long Tail Pokémon,66,800000,1.2,75,50,424,60,66,115,normal,,20.3,Ambipom
50,125,Balloon Pokémon,34,1640000,0.4,90,50,425,60,44,70,ghost,flying,1.2,Drifloon
80,60,Blimp Pokémon,44,1640000,1.2,150,50,426,90,54,80,ghost,flying,15,Drifblim
66,190,Rabbit Pokémon,44,1000000,0.4,55,50,427,44,56,85,normal,,5.5,Buneary
136,60,Rabbit Pokémon,94,1000000,1.2,65,50,428,54,96,135,normal,,33.3,Lopunny
60,45,Magical Pokémon,60,800000,0.9,60,50,429,105,105,105,ghost,,4.4,Mismagius
125,30,Big Boss Pokémon,52,1059860,0.9,100,50,430,105,52,71,dark,flying,27.3,Honchkrow
55,190,Catty Pokémon,42,800000,0.5,49,24.6,431,42,37,85,normal,,3.9,Glameow
82,75,Tiger Cat Pokémon,64,800000,1,71,24.6,432,64,59,112,normal,,43.8,Purugly
30,120,Bell Pokémon,50,800000,0.2,45,50,433,65,50,45,psychic,,0.6,Chingling
63,225,Skunk Pokémon,47,1000000,0.4,63,50,434,41,41,74,poison,dark,19.2,Stunky
93,60,Skunk Pokémon,67,1000000,1,103,50,435,71,61,84,poison,dark,38,Skuntank
24,255,Bronze Pokémon,86,1000000,0.5,57,,436,24,86,23,steel,psychic,60.5,Bronzor
89,90,Bronze Bell Pokémon,116,1000000,1.3,67,,437,79,116,33,steel,psychic,187,Bronzong
80,255,Bonsai Pokémon,95,1000000,0.5,50,50,438,10,45,10,rock,,15,Bonsly
25,145,Mime Pokémon,45,1000000,0.6,20,50,439,70,90,60,psychic,fairy,13,Mime Jr.
5,130,Playhouse Pokémon,5,800000,0.6,100,0,440,15,65,30,normal,,24.4,Happiny
65,30,Music Note Pokémon,45,1059860,0.5,76,50,441,92,42,91,normal,flying,1.9,Chatot
92,100,Forbidden Pokémon,108,1000000,1,50,50,442,92,108,35,ghost,dark,108,Spiritomb
70,45,Land Shark Pokémon,45,1250000,0.7,58,50,443,40,45,42,dragon,ground,20.5,Gible
90,45,Cave Pokémon,65,1250000,1.4,68,50,444,50,55,82,dragon,ground,56,Gabite
170,45,Mach Pokémon,115,1250000,1.9,108,50,445,120,95,92,dragon,ground,95,Garchomp
85,50,Big Eater Pokémon,40,1250000,0.6,135,88.1,446,40,85,5,normal,,105,Munchlax
70,75,Emanation Pokémon,40,1059860,0.7,40,88.1,447,35,40,60,fighting,,20.2,Riolu
145,45,Aura Pokémon,88,1059860,1.2,70,88.1,448,140,70,112,fighting,steel,54,Lucario
72,140,Hippo Pokémon,78,1250000,0.8,68,50,449,38,42,32,ground,,49.5,Hippopotas
112,60,Heavyweight Pokémon,118,1250000,2,108,50,450,68,72,47,ground,,300,Hippowdon
50,120,Scorpion Pokémon,90,1250000,0.8,40,50,451,30,55,65,poison,bug,12,Skorupi
90,45,Ogre Scorp Pokémon,110,1250000,1.3,70,50,452,60,75,95,poison,dark,61.5,Drapion
61,140,Toxic Mouth Pokémon,40,1000000,0.7,48,50,453,61,40,50,poison,fighting,23,Croagunk
106,75,Toxic Mouth Pokémon,65,1000000,1.3,83,50,454,86,65,85,poison,fighting,44.4,Toxicroak
100,200,Bug Catcher Pokémon,72,1250000,1.4,74,50,455,90,72,46,grass,,27,Carnivine
49,190,Wing Fish Pokémon,56,600000,0.4,49,50,456,49,61,66,water,,7,Finneon
69,75,Neon Pokémon,76,600000,1.2,69,50,457,69,86,91,water,,24,Lumineon
20,25,Kite Pokémon,50,1250000,1,45,50,458,60,120,50,water,flying,65,Mantyke
62,120,Frosted Tree Pokémon,50,1250000,1,60,50,459,62,60,40,grass,ice,50.5,Snover
132,60,Frosted Tree Pokémon,105,1250000,2.2,90,50,460,132,105,30,grass,ice,135.5,Abomasnow
120,45,Sharp Claw Pokémon,65,1059860,1.1,70,50,461,45,85,125,dark,ice,34,Weavile
70,30,Magnet Area Pokémon,115,1000000,1.2,70,,462,130,90,60,electric,steel,180,Magnezone
85,30,Licking Pokémon,95,1000000,1.7,110,50,463,80,95,50,normal,,140,Lickilicky
140,30,Drill Pokémon,130,1250000,2.4,115,50,464,55,55,40,ground,rock,282.8,Rhyperior
100,30,Vine Pokémon,125,1000000,2,100,50,465,110,50,50,grass,,128.6,Tangrowth
123,30,Thunderbolt Pokémon,67,1000000,1.8,75,75.4,466,95,85,95,electric,,138.6,Electivire
95,30,Blast Pokémon,67,1000000,1.6,75,75.4,467,125,95,83,fire,,68,Magmortar
50,30,Jubilee Pokémon,95,800000,1.5,85,88.1,468,120,115,80,fairy,flying,38,Togekiss
76,30,Ogre Darner Pokémon,86,1000000,1.9,86,50,469,116,56,95,bug,flying,51.5,Yanmega
110,45,Verdant Pokémon,130,1000000,1,65,88.1,470,60,65,95,grass,,25.5,Leafeon
60,45,Fresh Snow Pokémon,110,1000000,0.8,65,88.1,471,130,95,65,ice,,25.9,Glaceon
95,30,Fang Scorp Pokémon,125,1059860,2,75,50,472,45,75,95,ground,flying,42.5,Gliscor
130,50,Twin Tusk Pokémon,80,1250000,2.5,110,50,473,70,60,80,ice,ground,291,Mamoswine
80,30,Virtual Pokémon,70,1000000,0.9,85,,474,135,75,90,normal,,34,Porygon-Z
165,45,Blade Pokémon,95,1250000,1.6,68,100,475,65,115,110,psychic,fighting,52,Gallade
55,60,Compass Pokémon,145,1000000,1.4,60,50,476,75,150,40,rock,steel,340,Probopass
100,45,Gripper Pokémon,135,800000,2.2,45,50,477,65,135,45,ghost,,106.6,Dusknoir
80,75,Snow Land Pokémon,70,1000000,1.3,70,0,478,80,70,110,ice,ghost,26.6,Froslass
65,45,Plasma Pokémon,107,1000000,0.3,50,,479,105,107,86,electric,ghost,0.3,Rotom
75,3,Knowledge Pokémon,130,1250000,0.3,75,,480,75,130,95,psychic,,0.3,Uxie
105,3,Emotion Pokémon,105,1250000,0.3,80,,481,105,105,80,psychic,,0.3,Mesprit
125,3,Willpower Pokémon,70,1250000,0.3,75,,482,125,70,115,psychic,,0.3,Azelf
120,3,Temporal Pokémon,120,1250000,5.4,100,,483,150,100,90,steel,dragon,683,Dialga
120,3,Spatial Pokémon,100,1250000,4.2,90,,484,150,120,100,water,dragon,336,Palkia
90,3,Lava Dome Pokémon,106,1250000,1.7,91,50,485,130,106,77,fire,steel,430,Heatran
160,3,Colossal Pokémon,110,1250000,3.7,110,,486,80,110,100,normal,,420,Regigigas
120,3,Renegade Pokémon,100,1250000,4.5,150,,487,120,100,90,ghost,dragon,750,Giratina
70,3,Lunar Pokémon,120,1250000,1.5,120,0,488,75,130,85,psychic,,85.6,Cresselia
80,30,Sea Drifter Pokémon,80,1250000,0.4,80,,489,80,80,80,water,,3.1,Phione
100,3,Seafaring Pokémon,100,1250000,0.3,100,,490,100,100,100,water,,1.4,Manaphy
90,3,Pitch-Black Pokémon,90,1250000,1.5,70,,491,135,90,125,dark,,50.5,Darkrai
103,45,Gratitude Pokémon,75,1059860,0.2,100,,492,120,75,127,grass,grass,2.1,Shaymin
120,3,Alpha Pokémon,120,1250000,3.2,120,,493,120,120,120,normal,,320,Arceus
100,3,Victory Pokémon,100,1250000,0.4,100,,494,100,100,100,psychic,fire,4,Victini
45,45,Grass Snake Pokémon,55,1059860,0.6,45,88.1,495,45,55,63,grass,,8.1,Snivy
60,45,Grass Snake Pokémon,75,1059860,0.8,60,88.1,496,60,75,83,grass,,16,Servine
75,45,Regal Pokémon,95,1059860,3.3,75,88.1,497,75,95,113,grass,,63,Serperior
63,45,Fire Pig Pokémon,45,1059860,0.5,65,88.1,498,45,45,45,fire,,9.9,Tepig
93,45,Fire Pig Pokémon,55,1059860,1,90,88.1,499,70,55,55,fire,fighting,55.5,Pignite
123,45,Mega Fire Pig Pokémon,65,1059860,1.6,110,88.1,500,100,65,65,fire,fighting,150,Emboar
55,45,Sea Otter Pokémon,45,1059860,0.5,55,88.1,501,63,45,45,water,,5.9,Oshawott
75,45,Discipline Pokémon,60,1059860,0.8,75,88.1,502,83,60,60,water,,24.5,Dewott
100,45,Formidable Pokémon,85,1059860,1.5,95,88.1,503,108,70,70,water,,94.6,Samurott
55,255,Scout Pokémon,39,1000000,0.5,45,50,504,35,39,42,normal,,11.6,Patrat
85,255,Lookout Pokémon,69,1000000,1.1,60,50,505,60,69,77,normal,,27,Watchog
60,255,Puppy Pokémon,45,1059860,0.4,45,50,506,25,45,55,normal,,4.1,Lillipup
80,120,Loyal Dog Pokémon,65,1059860,0.9,65,50,507,35,65,60,normal,,14.7,Herdier
110,45,Big-Hearted Pokémon,90,1059860,1.2,85,50,508,45,90,80,normal,,61,Stoutland
50,255,Devious Pokémon,37,1000000,0.4,41,50,509,50,37,66,dark,,10.1,Purrloin
88,90,Cruel Pokémon,50,1000000,1.1,64,50,510,88,50,106,dark,,37.5,Liepard
53,190,Grass Monkey Pokémon,48,1000000,0.6,50,88.1,511,53,48,64,grass,,10.5,Pansage
98,75,Thorn Monkey Pokémon,63,1000000,1.1,75,88.1,512,98,63,101,grass,,30.5,Simisage
53,190,High Temp Pokémon,48,1000000,0.6,50,88.1,513,53,48,64,fire,,11,Pansear
98,75,Ember Pokémon,63,1000000,1,75,88.1,514,98,63,101,fire,,28,Simisear
53,190,Spray Pokémon,48,1000000,0.6,50,88.1,515,53,48,64,water,,13.5,Panpour
98,75,Geyser Pokémon,63,1000000,1,75,88.1,516,98,63,101,water,,29,Simipour
25,190,Dream Eater Pokémon,45,800000,0.6,76,50,517,67,55,24,psychic,,23.3,Munna
55,75,Drowsing Pokémon,85,800000,1.1,116,50,518,107,95,29,psychic,,60.5,Musharna
55,255,Tiny Pigeon Pokémon,50,1059860,0.3,50,50,519,36,30,43,normal,flying,2.1,Pidove
77,120,Wild Pigeon Pokémon,62,1059860,0.6,62,50,520,50,42,65,normal,flying,15,Tranquill
115,45,Proud Pokémon,80,1059860,1.2,80,50,521,65,55,93,normal,flying,29,Unfezant
60,190,Electrified Pokémon,32,1000000,0.8,45,50,522,50,32,76,electric,,29.8,Blitzle
100,75,Thunderbolt Pokémon,63,1000000,1.6,75,50,523,80,63,116,electric,,79.5,Zebstrika
75,255,Mantle Pokémon,85,1059860,0.4,55,50,524,25,25,15,rock,,18,Roggenrola
105,120,Ore Pokémon,105,1059860,0.9,70,50,525,50,40,20,rock,,102,Boldore
135,45,Compressed Pokémon,130,1059860,1.7,85,50,526,60,80,25,rock,,260,Gigalith
45,190,Bat Pokémon,43,1000000,0.4,65,50,527,55,43,72,psychic,flying,2.1,Woobat
57,45,Courting Pokémon,55,1000000,0.9,67,50,528,77,55,114,psychic,flying,10.5,Swoobat
85,120,Mole Pokémon,40,1000000,0.3,60,50,529,30,45,68,ground,,8.5,Drilbur
135,60,Subterrene Pokémon,60,1000000,0.7,110,50,530,50,65,88,ground,steel,40.4,Excadrill
60,255,Hearing Pokémon,126,800000,1.1,103,50,531,80,126,50,normal,,31,Audino
80,180,Muscular Pokémon,55,1059860,0.6,75,75.4,532,25,35,35,fighting,,12.5,Timburr
105,90,Muscular Pokémon,85,1059860,1.2,85,75.4,533,40,50,40,fighting,,40,Gurdurr
140,45,Muscular Pokémon,95,1059860,1.4,105,75.4,534,55,65,45,fighting,,87,Conkeldurr
50,255,Tadpole Pokémon,40,1059860,0.5,50,50,535,50,40,64,water,,4.5,Tympole
65,120,Vibration Pokémon,55,1059860,0.8,75,50,536,65,55,69,water,ground,17,Palpitoad
95,45,Vibration Pokémon,75,1059860,1.5,105,50,537,85,75,74,water,ground,62,Seismitoad
100,45,Judo Pokémon,85,1000000,1.3,120,100,538,30,85,45,fighting,,55.5,Throh
125,45,Karate Pokémon,75,1000000,1.4,75,100,539,30,75,85,fighting,,51,Sawk
53,255,Sewing Pokémon,70,1059860,0.3,45,50,540,40,60,42,bug,grass,2.5,Sewaddle
63,120,Leaf-Wrapped Pokémon,90,1059860,0.5,55,50,541,50,80,42,bug,grass,7.3,Swadloon
103,45,Nurturing Pokémon,80,1059860,1.2,75,50,542,70,80,92,bug,grass,20.5,Leavanny
45,255,Centipede Pokémon,59,1059860,0.4,30,50,543,30,39,57,bug,poison,5.3,Venipede
55,120,Curlipede Pokémon,99,1059860,1.2,40,50,544,40,79,47,bug,poison,58.5,Whirlipede
100,45,Megapede Pokémon,89,1059860,2.5,60,50,545,55,69,112,bug,poison,200.5,Scolipede
27,190,Cotton Puff Pokémon,60,1000000,0.3,40,50,546,37,50,66,grass,fairy,0.6,Cottonee
67,75,Windveiled Pokémon,85,1000000,0.7,60,50,547,77,75,116,grass,fairy,6.6,Whimsicott
35,190,Bulb Pokémon,50,1000000,0.5,45,0,548,70,50,30,grass,,6.6,Petilil
60,75,Flowering Pokémon,75,1000000,1.1,70,0,549,110,75,90,grass,,16.3,Lilligant
92,25,Hostile Pokémon,65,1000000,1,70,50,550,80,55,98,water,,18,Basculin
72,180,Desert Croc Pokémon,35,1059860,0.7,50,50,551,35,35,65,ground,dark,15.2,Sandile
82,90,Desert Croc Pokémon,45,1059860,1,60,50,552,45,45,74,ground,dark,33.4,Krokorok
117,45,Intimidation Pokémon,80,1059860,1.5,95,50,553,65,70,92,ground,dark,96.3,Krookodile
90,120,Zen Charm Pokémon,45,1059860,0.6,70,50,554,15,45,50,fire,,37.5,Darumaka
30,60,Blazing Pokémon,105,1059860,1.3,105,50,555,140,105,55,fire,fire,92.9,Darmanitan
86,255,Cactus Pokémon,67,1000000,1,75,50,556,106,67,60,grass,,28,Maractus
65,190,Rock Inn Pokémon,85,1000000,0.3,50,50,557,35,35,55,bug,rock,14.5,Dwebble
105,75,Stone Home Pokémon,125,1000000,1.4,70,50,558,65,75,45,bug,rock,200,Crustle
75,180,Shedding Pokémon,70,1000000,0.6,50,50,559,35,70,48,dark,fighting,11.8,Scraggy
90,90,Hoodlum Pokémon,115,1000000,1.1,65,50,560,45,115,58,dark,fighting,30,Scrafty
58,45,Avianoid Pokémon,80,1000000,1.4,72,50,561,103,80,97,psychic,flying,14,Sigilyph
30,190,Spirit Pokémon,85,1000000,0.5,38,50,562,55,65,30,ghost,,1.5,Yamask
50,90,Coffin Pokémon,145,1000000,1.7,58,50,563,95,105,30,ghost,,76.5,Cofagrigus
78,45,Prototurtle Pokémon,103,1000000,0.7,54,88.1,564,53,45,22,water,rock,16.5,Tirtouga
108,45,Prototurtle Pokémon,133,1000000,1.2,74,88.1,565,83,65,32,water,rock,81,Carracosta
112,45,First Bird Pokémon,45,1000000,0.5,55,88.1,566,74,45,70,rock,flying,9.5,Archen
140,45,First Bird Pokémon,65,1000000,1.4,75,88.1,567,112,65,110,rock,flying,32,Archeops
50,190,Trash Bag Pokémon,62,1000000,0.6,50,50,568,40,62,65,poison,,31,Trubbish
95,60,Trash Heap Pokémon,82,1000000,1.9,80,50,569,60,82,75,poison,,107.3,Garbodor
65,75,Tricky Fox Pokémon,40,1059860,0.7,40,88.1,570,80,40,65,dark,,12.5,Zorua
105,45,Illusion Fox Pokémon,60,1059860,1.6,60,88.1,571,120,60,105,dark,,81.1,Zoroark
50,255,Chinchilla Pokémon,40,800000,0.4,55,24.6,572,40,40,75,normal,,5.8,Minccino
95,60,Scarf Pokémon,60,800000,0.5,75,24.6,573,65,60,115,normal,,7.5,Cinccino
30,200,Fixation Pokémon,50,1059860,0.4,45,24.6,574,55,65,45,psychic,,5.8,Gothita
45,100,Manipulate Pokémon,70,1059860,0.7,60,24.6,575,75,85,55,psychic,,18,Gothorita
55,50,Astral Body Pokémon,95,1059860,1.5,70,24.6,576,95,110,65,psychic,,44,Gothitelle
30,200,Cell Pokémon,40,1059860,0.3,45,50,577,105,50,20,psychic,,1,Solosis
40,100,Mitosis Pokémon,50,1059860,0.6,65,50,578,125,60,30,psychic,,8,Duosion
65,50,Multiplying Pokémon,75,1059860,1,110,50,579,125,85,30,psychic,,20.1,Reuniclus
44,190,Water Bird Pokémon,50,1000000,0.5,62,50,580,44,50,55,water,flying,5.5,Ducklett
87,45,White Bird Pokémon,63,1000000,1.3,75,50,581,87,63,98,water,flying,24.2,Swanna
50,255,Fresh Snow Pokémon,50,1250000,0.4,36,50,582,65,60,44,ice,,5.7,Vanillite
65,120,Icy Snow Pokémon,65,1250000,1.1,51,50,583,80,75,59,ice,,41,Vanillish
95,45,Snowstorm Pokémon,85,1250000,1.3,71,50,584,110,95,79,ice,,57.5,Vanilluxe
60,190,Season Pokémon,50,1000000,0.6,60,50,585,40,50,75,normal,grass,19.5,Deerling
100,75,Season Pokémon,70,1000000,1.9,80,50,586,60,70,95,normal,grass,92.5,Sawsbuck
75,200,Sky Squirrel Pokémon,60,1000000,0.4,55,50,587,75,60,103,electric,flying,5,Emolga
75,200,Clamping Pokémon,45,1000000,0.5,50,50,588,40,45,60,bug,,5.9,Karrablast
135,75,Cavalry Pokémon,105,1000000,1,70,50,589,60,105,20,bug,steel,33,Escavalier
55,190,Mushroom Pokémon,45,1000000,0.2,69,50,590,55,55,15,grass,poison,1,Foongus
85,75,Mushroom Pokémon,70,1000000,0.6,114,50,591,85,80,30,grass,poison,10.5,Amoonguss
40,190,Floating Pokémon,50,1000000,1.2,55,50,592,65,85,40,water,ghost,33,Frillish
60,60,Floating Pokémon,70,1000000,2.2,100,50,593,85,105,60,water,ghost,135,Jellicent
75,75,Caring Pokémon,80,800000,1.2,165,50,594,40,45,65,water,,31.6,Alomomola
47,190,Attaching Pokémon,50,1000000,0.1,50,50,595,57,50,65,bug,electric,0.6,Joltik
77,75,EleSpider Pokémon,60,1000000,0.8,70,50,596,97,60,108,bug,electric,14.3,Galvantula
50,255,Thorn Seed Pokémon,91,1000000,0.6,44,50,597,24,86,10,grass,steel,18.8,Ferroseed
94,90,Thorn Pod Pokémon,131,1000000,1,74,50,598,54,116,20,grass,steel,110,Ferrothorn
55,130,Gear Pokémon,70,1059860,0.3,40,,599,45,60,30,steel,,21,Klink
80,60,Gear Pokémon,95,1059860,0.6,60,,600,70,85,50,steel,,51,Klang
100,30,Gear Pokémon,115,1059860,0.6,60,,601,70,85,90,steel,,81,Klinklang
55,190,EleFish Pokémon,40,1250000,0.2,35,50,602,45,40,60,electric,,0.3,Tynamo
85,60,EleFish Pokémon,70,1250000,1.2,65,50,603,75,70,40,electric,,22,Eelektrik
115,30,EleFish Pokémon,80,1250000,2.1,85,50,604,105,80,50,electric,,80.5,Eelektross
55,255,Cerebral Pokémon,55,1000000,0.5,55,50,605,85,55,30,psychic,,9,Elgyem
75,90,Cerebral Pokémon,75,1000000,1,75,50,606,125,95,40,psychic,,34.5,Beheeyem
30,190,Candle Pokémon,55,1059860,0.3,50,50,607,65,55,20,ghost,fire,3.1,Litwick
40,90,Lamp Pokémon,60,1059860,0.6,60,50,608,95,60,55,ghost,fire,13,Lampent
55,45,Luring Pokémon,90,1059860,1,60,50,609,145,90,80,ghost,fire,34.3,Chandelure
87,75,Tusk Pokémon,60,1250000,0.6,46,50,610,30,40,57,dragon,,18,Axew
117,60,Axe Jaw Pokémon,70,1250000,1,66,50,611,40,50,67,dragon,,36,Fraxure
147,45,Axe Jaw Pokémon,90,1250000,1.8,76,50,612,60,70,97,dragon,,105.5,Haxorus
70,120,Chill Pokémon,40,1000000,0.5,55,50,613,60,40,40,ice,,8.5,Cubchoo
130,60,Freezing Pokémon,80,1000000,2.6,95,50,614,70,80,50,ice,,260,Beartic
50,25,Crystallizing Pokémon,50,1000000,1.1,80,,615,95,135,105,ice,,148,Cryogonal
40,200,Snail Pokémon,85,1000000,0.4,50,50,616,40,65,25,bug,,7.7,Shelmet
70,75,Shell Out Pokémon,40,1000000,0.8,80,50,617,100,60,145,bug,,25.3,Accelgor
66,75,Trap Pokémon,84,1000000,0.7,109,50,618,81,99,32,ground,electric,11,Stunfisk
85,180,Martial Arts Pokémon,50,1059860,0.9,45,50,619,55,50,65,fighting,,20,Mienfoo
125,45,Martial Arts Pokémon,60,1059860,1.4,65,50,620,95,60,105,fighting,,35.5,Mienshao
120,45,Cave Pokémon,90,1000000,1.6,77,50,621,60,90,48,dragon,,139,Druddigon
74,190,Automaton Pokémon,50,1000000,1,59,,622,35,50,35,ground,ghost,92,Golett
124,90,Automaton Pokémon,80,1000000,2.8,89,,623,55,80,55,ground,ghost,330,Golurk
85,120,Sharp Blade Pokémon,70,1000000,0.5,45,50,624,40,40,60,dark,steel,10.2,Pawniard
125,45,Sword Blade Pokémon,100,1000000,1.6,65,50,625,60,70,70,dark,steel,70,Bisharp
110,45,Bash Buffalo Pokémon,95,1000000,1.6,95,50,626,40,95,55,normal,,94.6,Bouffalant
83,190,Eaglet Pokémon,50,1250000,0.5,70,100,627,37,50,60,normal,flying,10.5,Rufflet
123,60,Valiant Pokémon,75,1250000,1.5,100,100,628,57,75,80,normal,flying,41,Braviary
55,190,Diapered Pokémon,75,1250000,0.5,70,0,629,45,65,60,dark,flying,9,Vullaby
65,60,Bone Vulture Pokémon,105,1250000,1.2,110,0,630,55,95,80,dark,flying,39.5,Mandibuzz
97,90,Anteater Pokémon,66,1000000,1.4,85,50,631,105,66,65,fire,,58,Heatmor
109,90,Iron Ant Pokémon,112,1000000,0.3,58,50,632,48,48,109,bug,steel,33,Durant
65,45,Irate Pokémon,50,1250000,0.8,52,50,633,45,50,38,dark,dragon,17.3,Deino
85,45,Hostile Pokémon,70,1250000,1.4,72,50,634,65,70,58,dark,dragon,50,Zweilous
105,45,Brutal Pokémon,90,1250000,1.8,92,50,635,125,90,98,dark,dragon,160,Hydreigon
85,45,Torch Pokémon,55,1250000,1.1,55,50,636,50,55,60,bug,fire,28.8,Larvesta
60,15,Sun Pokémon,65,1250000,1.6,85,50,637,135,105,100,bug,fire,46,Volcarona
90,3,Iron Will Pokémon,129,1250000,2.1,91,,638,90,72,108,steel,fighting,250,Cobalion
129,3,Cavern Pokémon,90,1250000,1.9,91,,639,72,90,108,rock,fighting,260,Terrakion
90,3,Grassland Pokémon,72,1250000,2,91,,640,90,129,108,grass,fighting,200,Virizion
100,3,Cyclone Pokémon,80,1250000,1.5,79,100,641,110,90,121,flying,,63,Tornadus
105,3,Bolt Strike Pokémon,70,1250000,1.5,79,100,642,145,80,101,electric,flying,61,Thundurus
120,3,Vast White Pokémon,100,1250000,3.2,100,,643,150,120,90,dragon,fire,330,Reshiram
150,3,Deep Black Pokémon,120,1250000,2.9,100,,644,120,100,90,dragon,electric,345,Zekrom
145,3,Abundance Pokémon,90,1250000,1.5,89,100,645,105,80,91,ground,flying,68,Landorus
120,3,Boundary Pokémon,90,1250000,3,125,,646,170,100,95,dragon,ice,325,Kyurem
72,3,Colt Pokémon,90,1250000,1.4,91,,647,129,90,108,water,fighting,48.5,Keldeo
128,3,Melody Pokémon,90,1250000,0.6,100,,648,77,77,128,normal,psychic,6.5,Meloetta
120,3,Paleozoic Pokémon,95,1250000,1.5,71,,649,120,95,99,bug,steel,82.5,Genesect
61,45,Spiky Nut Pokémon,65,1059860,0.4,56,88.1,650,48,45,38,grass,,9,Chespin
78,45,Spiny Armor Pokémon,95,1059860,0.7,61,88.1,651,56,58,57,grass,,29,Quilladin
107,45,Spiny Armor Pokémon,122,1059860,1.6,88,88.1,652,74,75,64,grass,fighting,90,Chesnaught
45,45,Fox Pokémon,40,1059860,0.4,40,88.1,653,62,60,60,fire,,9.4,Fennekin
59,45,Fox Pokémon,58,1059860,1,59,88.1,654,90,70,73,fire,,14.5,Braixen
69,45,Fox Pokémon,72,1059860,1.5,75,88.1,655,114,100,104,fire,psychic,39,Delphox
56,45,Bubble Frog Pokémon,40,1059860,0.3,41,88.1,656,62,44,71,water,,7,Froakie
63,45,Bubble Frog Pokémon,52,1059860,0.6,54,88.1,657,83,56,97,water,,10.9,Frogadier
145,45,Ninja Pokémon,67,1059860,1.5,72,88.1,658,153,71,132,water,dark,40,Greninja
36,255,Digging Pokémon,38,1000000,0.4,38,50,659,32,36,57,normal,,5,Bunnelby
56,127,Digging Pokémon,77,1000000,1,85,50,660,50,77,78,normal,ground,42.4,Diggersby
50,255,Tiny Robin Pokémon,43,1059860,0.3,45,50,661,40,38,62,normal,flying,1.7,Fletchling
73,120,Ember Pokémon,55,1059860,0.7,62,50,662,56,52,84,fire,flying,16,Fletchinder
81,45,Scorching Pokémon,71,1059860,1.2,78,50,663,74,69,126,fire,flying,24.5,Talonflame
35,255,Scatterdust Pokémon,40,1000000,0.3,38,50,664,27,25,35,bug,,2.5,Scatterbug
22,120,Scatterdust Pokémon,60,1000000,0.3,45,50,665,27,30,29,bug,,8.4,Spewpa
52,45,Scale Pokémon,50,1000000,1.2,80,50,666,90,50,89,bug,flying,17,Vivillon
50,220,Lion Cub Pokémon,58,1059860,0.6,62,11.2,667,73,54,72,fire,normal,13.5,Litleo
68,65,Royal Pokémon,72,1059860,1.5,86,11.2,668,109,66,106,fire,normal,81.5,Pyroar
38,225,Single Bloom Pokémon,39,1000000,0.1,44,0,669,61,79,42,fairy,,0.1,Flabébé
65,120,Fairy Pokémon,67,1000000,0.2,74,0,670,125,128,92,fairy,,0.9,Floette
65,45,Garden Pokémon,68,1000000,1.1,78,0,671,112,154,75,fairy,,10,Florges
65,200,Mount Pokémon,48,1000000,0.9,66,50,672,62,57,52,grass,,31,Skiddo
100,45,Mount Pokémon,62,1000000,1.7,123,50,673,97,81,68,grass,,91,Gogoat
82,220,Playful Pokémon,62,1000000,0.6,67,50,674,46,48,43,fighting,,8,Pancham
124,65,Daunting Pokémon,78,1000000,2.1,95,50,675,69,71,58,fighting,dark,136,Pangoro
80,160,Poodle Pokémon,60,1000000,1.2,75,50,676,65,90,102,normal,,28,Furfrou
48,190,Restraint Pokémon,54,1000000,0.3,62,50,677,63,60,68,psychic,,3.5,Espurr
48,75,Constraint Pokémon,76,1000000,0.6,74,50,678,83,81,104,psychic,,8.5,Meowstic
80,180,Sword Pokémon,100,1000000,0.8,45,50,679,35,37,28,steel,ghost,2,Honedge
110,90,Sword Pokémon,150,1000000,0.8,59,50,680,45,49,35,steel,ghost,4.5,Doublade
150,45,Royal Sword Pokémon,50,1000000,1.7,60,50,681,150,50,60,steel,ghost,53,Aegislash
52,200,Perfume Pokémon,60,1000000,0.2,78,50,682,63,65,23,fairy,,0.5,Spritzee
72,140,Fragrance Pokémon,72,1000000,0.8,101,50,683,99,89,29,fairy,,15.5,Aromatisse
48,200,Cotton Candy Pokémon,66,1000000,0.4,62,50,684,59,57,49,fairy,,3.5,Swirlix
80,140,Meringue Pokémon,86,1000000,0.8,82,50,685,85,75,72,fairy,,5,Slurpuff
54,190,Revolving Pokémon,53,1000000,0.4,53,50,686,37,46,45,dark,psychic,3.5,Inkay
92,80,Overturning Pokémon,88,1000000,1.5,86,50,687,68,75,73,dark,psychic,47,Malamar
52,120,Two-Handed Pokémon,67,1000000,0.5,42,50,688,39,56,50,rock,water,31,Binacle
105,45,Collective Pokémon,115,1000000,1.3,72,50,689,54,86,68,rock,water,96,Barbaracle
60,225,Mock Kelp Pokémon,60,1000000,0.5,50,50,690,60,60,30,poison,water,7.3,Skrelp
75,55,Mock Kelp Pokémon,90,1000000,1.8,65,50,691,97,123,44,poison,dragon,81.5,Dragalge
53,225,Water Gun Pokémon,62,1250000,0.5,50,50,692,58,63,44,water,,8.3,Clauncher
73,55,Howitzer Pokémon,88,1250000,1.3,71,50,693,120,89,59,water,,35.3,Clawitzer
38,190,Generator Pokémon,33,1000000,0.5,44,50,694,61,43,70,electric,normal,6,Helioptile
55,75,Generator Pokémon,52,1000000,1,62,50,695,109,94,109,electric,normal,21,Heliolisk
89,45,Royal Heir Pokémon,77,1000000,0.8,58,88.1,696,45,45,48,rock,dragon,26,Tyrunt
121,45,Despot Pokémon,119,1000000,2.5,82,88.1,697,69,59,71,rock,dragon,270,Tyrantrum
59,45,Tundra Pokémon,50,1000000,1.3,77,88.1,698,67,63,46,rock,ice,25.2,Amaura
77,45,Tundra Pokémon,72,1000000,2.7,123,88.1,699,99,92,58,rock,ice,225,Aurorus
65,45,Intertwining Pokémon,65,1000000,1,95,88.1,700,110,130,60,fairy,,23.5,Sylveon
92,100,Wrestling Pokémon,75,1000000,0.8,78,50,701,74,63,118,fighting,flying,21.5,Hawlucha
58,180,Antenna Pokémon,57,1000000,0.2,67,50,702,81,67,101,electric,fairy,2.2,Dedenne
50,60,Jewel Pokémon,150,1250000,0.3,50,,703,50,150,50,rock,fairy,5.7,Carbink
50,45,Soft Tissue Pokémon,35,1250000,0.3,45,50,704,55,75,40,dragon,,2.8,Goomy
75,45,Soft Tissue Pokémon,53,1250000,0.8,68,50,705,83,113,60,dragon,,17.5,Sliggoo
100,45,Dragon Pokémon,70,1250000,2,90,50,706,110,150,80,dragon,,150.5,Goodra
80,75,Key Ring Pokémon,91,800000,0.2,57,50,707,80,87,75,steel,fairy,3,Klefki
70,120,Stump Pokémon,48,1000000,0.4,43,50,708,50,60,38,ghost,grass,7,Phantump
110,60,Elder Tree Pokémon,76,1000000,1.5,85,50,709,65,82,56,ghost,grass,71,Trevenant
66,120,Pumpkin Pokémon,70,1000000,0.8,59,50,710,44,55,41,ghost,grass,15,Pumpkaboo
100,60,Pumpkin Pokémon,122,1000000,1.7,85,50,711,58,75,54,ghost,grass,39,Gourgeist
69,190,Ice Chunk Pokémon,85,1000000,1,55,50,712,32,35,28,ice,,99.5,Bergmite
117,55,Iceberg Pokémon,184,1000000,2,95,50,713,44,46,28,ice,,505,Avalugg
30,190,Sound Wave Pokémon,35,1000000,0.5,40,50,714,45,40,55,flying,dragon,8,Noibat
70,45,Sound Wave Pokémon,80,1000000,1.5,85,50,715,97,80,123,flying,dragon,85,Noivern
131,45,Life Pokémon,95,1250000,3,126,,716,131,98,99,fairy,,215,Xerneas
131,45,Destruction Pokémon,95,1250000,5.8,126,,717,131,98,99,dark,flying,203,Yveltal
100,3,Order Pokémon,121,1250000,5,216,,718,91,95,85,dragon,ground,284.6,Zygarde
160,3,Jewel Pokémon,110,1250000,0.7,50,,719,160,110,110,rock,fairy,8.8,Diancie
160,3,Mischief Pokémon (Confined)Djinn Pokémonn (Unbound),60,1250000,,80,,720,170,130,80,psychic,ghost,,Hoopa
110,3,Steam Pokémon,120,1250000,1.7,80,,721,130,90,70,fire,water,195,Volcanion
55,45,Grass Quill Pokémon,55,1059860,0.3,68,88.1,722,50,50,42,grass,flying,1.5,Rowlet
75,45,Blade Quill Pokémon,75,1059860,0.7,78,88.1,723,70,70,52,grass,flying,16,Dartrix
107,45,Arrow Quill Pokémon,75,1059860,1.6,78,88.1,724,100,100,70,grass,ghost,36.6,Decidueye
65,45,Fire Cat Pokémon,40,1059860,0.4,45,88.1,725,60,40,70,fire,,4.3,Litten
85,45,Fire Cat Pokémon,50,1059860,0.7,65,88.1,726,80,50,90,fire,,25,Torracat
115,45,Heel Pokémon,90,1059860,1.8,95,88.1,727,80,90,60,fire,dark,83,Incineroar
54,45,Sea Lion Pokémon,54,1059860,0.4,50,88.1,728,66,56,40,water,,7.5,Popplio
69,45,Pop Star Pokémon,69,1059860,0.6,60,88.1,729,91,81,50,water,,17.5,Brionne
74,45,Soloist Pokémon,74,1059860,1.8,80,88.1,730,126,116,60,water,fairy,44,Primarina
75,255,Woodpecker Pokémon,30,1000000,0.3,35,50,731,30,30,65,normal,flying,1.2,Pikipek
85,120,Bugle Beak Pokémon,50,1000000,0.6,55,50,732,40,50,75,normal,flying,14.8,Trumbeak
120,45,Cannon Pokémon,75,1000000,1.1,80,50,733,75,75,60,normal,flying,26,Toucannon
70,255,Loitering Pokémon,30,1000000,0.4,48,50,734,30,30,45,normal,,6,Yungoos
110,127,Stakeout Pokémon,60,1000000,0.7,88,50,735,55,60,45,normal,,14.2,Gumshoos
62,255,Larva Pokémon,45,1000000,0.4,47,50,736,55,45,46,bug,,4.4,Grubbin
82,120,Battery Pokémon,95,1000000,0.5,57,50,737,55,75,36,bug,electric,10.5,Charjabug
70,45,Stag Beetle Pokémon,90,1000000,1.5,77,50,738,145,75,43,bug,electric,45,Vikavolt
82,225,Boxing Pokémon,57,1000000,0.6,47,50,739,42,47,63,fighting,,7,Crabrawler
132,60,Woolly Crab Pokémon,77,1000000,1.7,97,50,740,62,67,43,fighting,ice,180,Crabominable
70,45,Dancing Pokémon,70,1000000,0.6,75,24.6,741,98,70,93,fire,flying,3.4,Oricorio
45,190,Bee Fly Pokémon,40,1000000,0.1,40,50,742,55,40,84,bug,fairy,0.2,Cutiefly
55,75,Bee Fly Pokémon,60,1000000,0.2,60,50,743,95,70,124,bug,fairy,0.5,Ribombee
65,190,Puppy Pokémon,40,1000000,0.5,45,50,744,30,40,60,rock,,9.2,Rockruff
115,90,Wolf Pokémon,75,1000000,,85,50,745,55,75,82,rock,,,Lycanroc
140,60,Small Fry Pokémon,130,800000,0.2,45,50,746,140,135,30,water,,0.3,Wishiwashi
53,190,Brutal Star Pokémon,62,1000000,0.4,50,50,747,43,52,45,poison,water,8,Mareanie
63,75,Brutal Star Pokémon,152,1000000,0.7,50,50,748,53,142,35,poison,water,14.5,Toxapex
100,190,Donkey Pokémon,70,1000000,1,70,50,749,45,55,45,ground,,110,Mudbray
125,60,Draft Horse Pokémon,100,1000000,2.5,100,50,750,55,85,35,ground,,920,Mudsdale
40,200,Water Bubble Pokémon,52,1000000,0.3,38,50,751,40,72,27,water,bug,4,Dewpider
70,100,Water Bubble Pokémon,92,1000000,1.8,68,50,752,50,132,42,water,bug,82,Araquanid
55,190,Sickle Grass Pokémon,35,1000000,0.3,40,50,753,50,35,35,grass,,1.5,Fomantis
105,75,Bloom Sickle Pokémon,90,1000000,0.9,70,50,754,80,90,45,grass,,18.5,Lurantis
35,190,Illuminating Pokémon,55,1000000,0.2,40,50,755,65,75,15,grass,fairy,1.5,Morelull
45,75,Illuminating Pokémon,80,1000000,1,60,50,756,90,100,30,grass,fairy,11.5,Shiinotic
44,120,Toxic Lizard Pokémon,40,1000000,0.6,48,88.1,757,71,40,77,poison,fire,4.8,Salandit
64,45,Toxic Lizard Pokémon,60,1000000,1.2,68,0,758,111,60,117,poison,fire,22.2,Salazzle
75,140,Flailing Pokémon,50,1000000,0.5,70,50,759,45,50,50,normal,fighting,6.8,Stufful
125,70,Strong Arm Pokémon,80,1000000,2.1,120,50,760,55,60,60,normal,fighting,135,Bewear
30,235,Fruit Pokémon,38,1059860,0.3,42,0,761,30,38,32,grass,,3.2,Bounsweet
40,120,Fruit Pokémon,48,1059860,0.7,52,0,762,40,48,62,grass,,8.2,Steenee
120,45,Fruit Pokémon,98,1059860,1.2,72,0,763,50,98,72,grass,,21.4,Tsareena
52,60,Posy Picker Pokémon,90,800000,0.1,51,24.6,764,82,110,100,fairy,,0.3,Comfey
60,45,Sage Pokémon,80,1250000,1.5,90,50,765,90,110,60,normal,psychic,76,Oranguru
120,45,Teamwork Pokémon,90,1250000,2,100,50,766,40,60,80,fighting,,82.8,Passimian
35,90,Turn Tail Pokémon,40,1000000,0.5,25,50,767,20,30,80,bug,water,12,Wimpod
125,45,Hard Scale Pokémon,140,1000000,2,75,50,768,60,90,40,bug,water,108,Golisopod
55,140,Sand Heap Pokémon,80,1000000,0.5,55,50,769,70,45,15,ghost,ground,70,Sandygast
75,60,Sand Castle Pokémon,110,1000000,1.3,85,50,770,100,75,35,ghost,ground,250,Palossand
60,60,Sea Cucumber Pokémon,130,800000,0.3,55,50,771,30,130,5,water,,1.2,Pyukumuku
95,3,Synthetic Pokémon,95,1250000,1.9,95,,772,95,95,59,normal,,120.5,Type: Null
95,3,Synthetic Pokémon,95,1250000,2.3,95,,773,95,95,95,normal,,100.5,Silvally
100,30 (Meteorite)255 (Core),Meteor Pokémon,60,1059860,0.3,60,,774,100,60,120,rock,flying,40,Minior
115,45,Drowsing Pokémon,65,1250000,0.4,65,50,775,75,95,65,normal,,19.9,Komala
78,70,Blast Turtle Pokémon,135,1000000,2,60,50,776,91,85,36,fire,dragon,212,Turtonator
98,180,Roly-Poly Pokémon,63,1000000,0.3,65,50,777,40,73,96,electric,steel,3.3,Togedemaru
90,45,Disguise Pokémon,80,1000000,0.2,55,50,778,50,105,96,ghost,fairy,0.7,Mimikyu
105,80,Gnash Teeth Pokémon,70,1000000,0.9,68,50,779,70,70,92,water,psychic,19,Bruxish
60,70,Placid Pokémon,85,1000000,3,78,50,780,135,91,36,normal,dragon,185,Drampa
131,25,Sea Creeper Pokémon,100,1000000,3.9,70,,781,86,90,40,ghost,grass,210,Dhelmise
55,45,Scaly Pokémon,65,1250000,0.6,45,50,782,45,45,45,dragon,,29.7,Jangmo-o
75,45,Scaly Pokémon,90,1250000,1.2,55,50,783,65,70,65,dragon,fighting,47,Hakamo-o
110,45,Scaly Pokémon,125,1250000,1.6,75,50,784,100,105,85,dragon,fighting,78.2,Kommo-o
115,3,Land Spirit Pokémon,85,1250000,1.8,70,,785,95,75,130,electric,fairy,20.5,Tapu Koko
85,3,Land Spirit Pokémon,75,1250000,1.2,70,,786,130,115,95,psychic,fairy,18.6,Tapu Lele
130,3,Land Spirit Pokémon,115,1250000,1.9,70,,787,85,95,75,grass,fairy,45.5,Tapu Bulu
75,3,Land Spirit Pokémon,115,1250000,1.3,70,,788,95,130,85,water,fairy,21.2,Tapu Fini
29,45,Nebula Pokémon,31,1250000,0.2,43,,789,29,31,37,psychic,,0.1,Cosmog
29,45,Protostar Pokémon,131,1250000,0.1,43,,790,29,131,37,psychic,,999.9,Cosmoem
137,45,Sunne Pokémon,107,1250000,3.4,137,,791,113,89,97,psychic,steel,230,Solgaleo
113,45,Moone Pokémon,89,1250000,4,137,,792,137,107,97,psychic,ghost,120,Lunala
53,45,Parasite Pokémon,47,1250000,1.2,109,,793,127,131,103,rock,poison,55.5,Nihilego
139,25,Swollen Pokémon,139,1250000,2.4,107,,794,53,53,79,bug,fighting,333.6,Buzzwole
137,255,Lissome Pokémon,37,1250000,1.8,71,,795,137,37,151,bug,fighting,25,Pheromosa
89,30,Glowing Pokémon,71,1250000,3.8,83,,796,173,71,83,electric,,100,Xurkitree
101,25,Launch Pokémon,103,1250000,9.2,97,,797,107,101,61,steel,flying,999.9,Celesteela
181,255,Drawn Sword Pokémon,131,1250000,0.3,59,,798,59,31,109,grass,steel,0.1,Kartana
101,15,Junkivore Pokémon,53,1250000,5.5,223,,799,97,53,43,dark,dragon,888,Guzzlord
107,3,Prism Pokémon,101,1250000,2.4,97,,800,127,89,79,psychic,,230,Necrozma
95,3,Artificial Pokémon,115,1250000,1,80,,801,130,115,65,steel,fairy,80.5,Magearna
